-- INSERTS FOR customers
INSERT INTO customers (customer_id, first_name, last_name, email, registration_date) VALUES (1, 'Brian', 'Miller', 'brian.miller1@example.com', '2023-06-19 06:08:48');
INSERT INTO customers (customer_id, first_name, last_name, email, registration_date) VALUES (2, 'Joseph', 'Roberson', 'joseph.roberson2@example.com', '2020-04-28 12:56:37');
INSERT INTO customers (customer_id, first_name, last_name, email, registration_date) VALUES (3, 'Nicholas', 'Hart', 'nicholas.hart3@example.com', '2022-11-24 19:45:27');
INSERT INTO customers (customer_id, first_name, last_name, email, registration_date) VALUES (4, 'Melissa', 'Moore', 'melissa.moore4@example.com', '2022-11-13 16:41:47');
INSERT INTO customers (customer_id, first_name, last_name, email, registration_date) VALUES (5, 'Ann', 'Miles', 'ann.miles5@example.com', '2021-05-23 20:05:13');
INSERT INTO customers (customer_id, first_name, last_name, email, registration_date) VALUES (6, 'Aaron', 'Graham', 'aaron.graham6@example.com', '2020-09-29 04:56:08');
INSERT INTO customers (customer_id, first_name, last_name, email, registration_date) VALUES (7, 'Natalie', 'Gray', 'natalie.gray7@example.com', '2020-01-21 11:45:42');
INSERT INTO customers (customer_id, first_name, last_name, email, registration_date) VALUES (8, 'Leslie', 'West', 'leslie.west8@example.com', '2020-05-16 08:29:08');
INSERT INTO customers (customer_id, first_name, last_name, email, registration_date) VALUES (9, 'Christopher', 'Thomas', 'christopher.thomas9@example.com', '2020-03-06 23:28:08');
INSERT INTO customers (customer_id, first_name, last_name, email, registration_date) VALUES (10, 'Kelly', 'Jordan', 'kelly.jordan10@example.com', '2024-01-21 17:59:06');
INSERT INTO customers (customer_id, first_name, last_name, email, registration_date) VALUES (11, 'Joseph', 'Monroe', 'joseph.monroe11@example.com', '2022-08-05 21:41:27');
INSERT INTO customers (customer_id, first_name, last_name, email, registration_date) VALUES (12, 'Matthew', 'Solis', 'matthew.solis12@example.com', '2021-10-04 16:47:00');
INSERT INTO customers (customer_id, first_name, last_name, email, registration_date) VALUES (13, 'Lori', 'Fowler', 'lori.fowler13@example.com', '2024-10-20 19:35:12');
INSERT INTO customers (customer_id, first_name, last_name, email, registration_date) VALUES (14, 'Lisa', 'Stewart', 'lisa.stewart14@example.com', '2023-05-22 06:47:19');
INSERT INTO customers (customer_id, first_name, last_name, email, registration_date) VALUES (15, 'Patricia', 'Lucas', 'patricia.lucas15@example.com', '2023-09-11 14:13:04');
INSERT INTO customers (customer_id, first_name, last_name, email, registration_date) VALUES (16, 'Gail', 'Little', 'gail.little16@example.com', '2025-01-27 06:36:13');
INSERT INTO customers (customer_id, first_name, last_name, email, registration_date) VALUES (17, 'Pamela', 'Tucker', 'pamela.tucker17@example.com', '2023-07-27 07:54:27');
INSERT INTO customers (customer_id, first_name, last_name, email, registration_date) VALUES (18, 'Nicholas', 'Johnson', 'nicholas.johnson18@example.com', '2021-07-17 19:00:17');
INSERT INTO customers (customer_id, first_name, last_name, email, registration_date) VALUES (19, 'Jessica', 'Miller', 'jessica.miller19@example.com', '2024-02-21 18:16:46');
INSERT INTO customers (customer_id, first_name, last_name, email, registration_date) VALUES (20, 'Dominique', 'Jackson', 'dominique.jackson20@example.com', '2022-11-12 18:17:20');

-- INSERTS FOR addresses
INSERT INTO addresses (address_id, customer_id, street, city, zip_code, country) VALUES (1, 1, '76950 Brenda Village Suite 053', 'Patelton', '84229', 'France');
INSERT INTO addresses (address_id, customer_id, street, city, zip_code, country) VALUES (2, 2, '387 Eric Plain Suite 670', 'East Stephentown', '34102', 'South Georgia and the South Sandwich Islands');
INSERT INTO addresses (address_id, customer_id, street, city, zip_code, country) VALUES (3, 3, '466 Daniel Circles Suite 116', 'Port Amandaland', '72142', 'Puerto Rico');
INSERT INTO addresses (address_id, customer_id, street, city, zip_code, country) VALUES (4, 4, '54708 Gutierrez Burg Apt. 612', 'Elizabethland', '82751', 'Azerbaijan');
INSERT INTO addresses (address_id, customer_id, street, city, zip_code, country) VALUES (5, 5, '424 Richardson Place Suite 812', 'Reynoldsberg', '60104', 'Paraguay');
INSERT INTO addresses (address_id, customer_id, street, city, zip_code, country) VALUES (6, 6, '7746 Eric Islands', 'West Vincent', '71995', 'Saint Kitts and Nevis');
INSERT INTO addresses (address_id, customer_id, street, city, zip_code, country) VALUES (7, 7, '95148 James Islands Suite 608', 'East Williamtown', '25950', 'Ethiopia');
INSERT INTO addresses (address_id, customer_id, street, city, zip_code, country) VALUES (8, 8, '95158 Sarah Valleys', 'Port Rachel', '65026', 'Saint Martin');
INSERT INTO addresses (address_id, customer_id, street, city, zip_code, country) VALUES (9, 9, '49756 Mary Crossroad Apt. 997', 'Heatherville', '91107', 'Austria');
INSERT INTO addresses (address_id, customer_id, street, city, zip_code, country) VALUES (10, 10, '5655 Kayla Junctions Apt. 260', 'Bennettview', '23422', 'Togo');
INSERT INTO addresses (address_id, customer_id, street, city, zip_code, country) VALUES (11, 11, '1414 Brown Light Apt. 964', 'South Ashleymouth', '32308', 'Oman');
INSERT INTO addresses (address_id, customer_id, street, city, zip_code, country) VALUES (12, 12, '7995 Stacy Motorway Suite 502', 'North Ronniefort', '96676', 'Bulgaria');
INSERT INTO addresses (address_id, customer_id, street, city, zip_code, country) VALUES (13, 13, '078 Mark Land Apt. 907', 'Janicetown', '42525', 'Saint Lucia');
INSERT INTO addresses (address_id, customer_id, street, city, zip_code, country) VALUES (14, 14, '14426 Coleman Rest Apt. 723', 'West Aliciahaven', '25936', 'Gabon');
INSERT INTO addresses (address_id, customer_id, street, city, zip_code, country) VALUES (15, 15, '3481 Scott Plains Suite 381', 'Russellmouth', '15043', 'Bahamas');
INSERT INTO addresses (address_id, customer_id, street, city, zip_code, country) VALUES (16, 16, '685 Trevor Fields Apt. 303', 'North Richard', '03890', 'Algeria');
INSERT INTO addresses (address_id, customer_id, street, city, zip_code, country) VALUES (17, 17, '580 Sandy Gateway Suite 424', 'West Emilymouth', '28289', 'Malawi');
INSERT INTO addresses (address_id, customer_id, street, city, zip_code, country) VALUES (18, 18, '527 Robert Pass', 'Myersborough', '51630', 'Belarus');
INSERT INTO addresses (address_id, customer_id, street, city, zip_code, country) VALUES (19, 19, '42712 Steve Wall Suite 890', 'Meyerport', '48052', 'Croatia');
INSERT INTO addresses (address_id, customer_id, street, city, zip_code, country) VALUES (20, 20, '18195 Kimberly Ford Suite 262', 'Taylortown', '21808', 'Solomon Islands');

-- INSERTS FOR products (with product_id)
INSERT INTO products (product_id, name, description, price, active) VALUES (1, 'Wireless Mouse', 'Ergonomic wireless mouse with USB receiver.', 365.9, TRUE);
INSERT INTO products (product_id, name, description, price, active) VALUES (2, 'Mechanical Keyboard', 'RGB backlit mechanical keyboard with blue switches.', 120.2, TRUE);
INSERT INTO products (product_id, name, description, price, active) VALUES (3, 'Gaming Headset', 'Surround sound gaming headset with noise-canceling mic.', 289.39, TRUE);
INSERT INTO products (product_id, name, description, price, active) VALUES (4, 'Laptop Stand', 'Adjustable aluminum stand for laptops and tablets.', 55.5, TRUE);
INSERT INTO products (product_id, name, description, price, active) VALUES (5, 'Webcam 1080p', 'Full HD webcam with built-in microphone.', 465.61, TRUE);
INSERT INTO products (product_id, name, description, price, active) VALUES (6, 'USB-C Hub', 'Multi-port USB-C hub with HDMI and card reader.', 129.19, TRUE);
INSERT INTO products (product_id, name, description, price, active) VALUES (7, 'Smartphone Holder', 'Flexible phone holder for desk or bed.', 444.38, TRUE);
INSERT INTO products (product_id, name, description, price, active) VALUES (8, 'Bluetooth Speaker', 'Portable Bluetooth speaker with deep bass.', 139.63, TRUE);
INSERT INTO products (product_id, name, description, price, active) VALUES (9, 'External SSD', '1TB high-speed external solid state drive.', 31.08, TRUE);
INSERT INTO products (product_id, name, description, price, active) VALUES (10, 'Monitor 27"', '27-inch 4K UHD monitor with HDR support.', 255.27, TRUE);
INSERT INTO products (product_id, name, description, price, active) VALUES (11, 'Wireless Charger', 'Fast wireless charging pad for smartphones.', 478.5, TRUE);
INSERT INTO products (product_id, name, description, price, active) VALUES (12, 'LED Desk Lamp', 'Dimmable LED desk lamp with touch controls.', 257.51, TRUE);
INSERT INTO products (product_id, name, description, price, active) VALUES (13, 'Fitness Tracker', 'Waterproof fitness tracker with heart rate monitor.', 381.48, TRUE);
INSERT INTO products (product_id, name, description, price, active) VALUES (14, 'Smartwatch', 'Stylish smartwatch with notifications and fitness features.', 446.62, TRUE);
INSERT INTO products (product_id, name, description, price, active) VALUES (15, 'Noise Cancelling Earbuds', 'True wireless earbuds with ANC.', 18.41, TRUE);
INSERT INTO products (product_id, name, description, price, active) VALUES (16, 'Portable Projector', 'Mini portable projector for home entertainment.', 141.44, TRUE);
INSERT INTO products (product_id, name, description, price, active) VALUES (17, 'USB Flash Drive', '64GB USB 3.0 flash drive.', 123.15, TRUE);
INSERT INTO products (product_id, name, description, price, active) VALUES (18, 'Action Camera', '4K action camera with waterproof case.', 304.05, TRUE);
INSERT INTO products (product_id, name, description, price, active) VALUES (19, 'Gaming Chair', 'Ergonomic gaming chair with lumbar support.', 51.03, TRUE);
INSERT INTO products (product_id, name, description, price, active) VALUES (20, 'Office Desk', 'Modern adjustable-height office desk.', 281.72, TRUE);

-- INSERTS FOR inventory
INSERT INTO inventory (product_id, quantity, last_updated) VALUES (1, 5, CURRENT_TIMESTAMP);
INSERT INTO inventory (product_id, quantity, last_updated) VALUES (2, 11, CURRENT_TIMESTAMP);
INSERT INTO inventory (product_id, quantity, last_updated) VALUES (3, 85, CURRENT_TIMESTAMP);
INSERT INTO inventory (product_id, quantity, last_updated) VALUES (4, 18, CURRENT_TIMESTAMP);
INSERT INTO inventory (product_id, quantity, last_updated) VALUES (5, 16, CURRENT_TIMESTAMP);
INSERT INTO inventory (product_id, quantity, last_updated) VALUES (6, 2, CURRENT_TIMESTAMP);
INSERT INTO inventory (product_id, quantity, last_updated) VALUES (7, 37, CURRENT_TIMESTAMP);
INSERT INTO inventory (product_id, quantity, last_updated) VALUES (8, 55, CURRENT_TIMESTAMP);
INSERT INTO inventory (product_id, quantity, last_updated) VALUES (9, 73, CURRENT_TIMESTAMP);
INSERT INTO inventory (product_id, quantity, last_updated) VALUES (10, 61, CURRENT_TIMESTAMP);
INSERT INTO inventory (product_id, quantity, last_updated) VALUES (11, 33, CURRENT_TIMESTAMP);
INSERT INTO inventory (product_id, quantity, last_updated) VALUES (12, 60, CURRENT_TIMESTAMP);
INSERT INTO inventory (product_id, quantity, last_updated) VALUES (13, 4, CURRENT_TIMESTAMP);
INSERT INTO inventory (product_id, quantity, last_updated) VALUES (14, 98, CURRENT_TIMESTAMP);
INSERT INTO inventory (product_id, quantity, last_updated) VALUES (15, 39, CURRENT_TIMESTAMP);
INSERT INTO inventory (product_id, quantity, last_updated) VALUES (16, 43, CURRENT_TIMESTAMP);
INSERT INTO inventory (product_id, quantity, last_updated) VALUES (17, 66, CURRENT_TIMESTAMP);
INSERT INTO inventory (product_id, quantity, last_updated) VALUES (18, 61, CURRENT_TIMESTAMP);
INSERT INTO inventory (product_id, quantity, last_updated) VALUES (19, 26, CURRENT_TIMESTAMP);
INSERT INTO inventory (product_id, quantity, last_updated) VALUES (20, 77, CURRENT_TIMESTAMP);

-- INSERTS FOR orders
INSERT INTO orders (order_id, customer_id, order_date, status) VALUES (1, 17, '2025-02-28 00:09:03', 'delivered');
INSERT INTO orders (order_id, customer_id, order_date, status) VALUES (2, 1, '2025-02-23 03:32:31', 'cancelled');
INSERT INTO orders (order_id, customer_id, order_date, status) VALUES (3, 17, '2025-03-18 03:31:10', 'cancelled');
INSERT INTO orders (order_id, customer_id, order_date, status) VALUES (4, 18, '2025-03-06 06:07:54', 'cancelled');
INSERT INTO orders (order_id, customer_id, order_date, status) VALUES (5, 17, '2025-02-02 20:06:18', 'cancelled');
INSERT INTO orders (order_id, customer_id, order_date, status) VALUES (6, 12, '2025-01-03 04:48:12', 'new');
INSERT INTO orders (order_id, customer_id, order_date, status) VALUES (7, 6, '2025-03-06 14:55:09', 'new');
INSERT INTO orders (order_id, customer_id, order_date, status) VALUES (8, 16, '2025-01-15 02:29:43', 'delivered');
INSERT INTO orders (order_id, customer_id, order_date, status) VALUES (9, 6, '2025-01-30 21:57:27', 'delivered');
INSERT INTO orders (order_id, customer_id, order_date, status) VALUES (10, 11, '2025-01-28 15:49:48', 'cancelled');
INSERT INTO orders (order_id, customer_id, order_date, status) VALUES (11, 3, '2025-01-20 09:57:01', 'cancelled');
INSERT INTO orders (order_id, customer_id, order_date, status) VALUES (12, 13, '2025-02-11 10:55:33', 'delivered');
INSERT INTO orders (order_id, customer_id, order_date, status) VALUES (13, 1, '2025-01-21 13:55:10', 'shipped');
INSERT INTO orders (order_id, customer_id, order_date, status) VALUES (14, 19, '2025-02-18 07:14:42', 'new');
INSERT INTO orders (order_id, customer_id, order_date, status) VALUES (15, 12, '2025-01-05 08:46:48', 'new');
INSERT INTO orders (order_id, customer_id, order_date, status) VALUES (16, 12, '2025-02-11 01:00:49', 'shipped');
INSERT INTO orders (order_id, customer_id, order_date, status) VALUES (17, 13, '2025-01-07 09:00:14', 'new');
INSERT INTO orders (order_id, customer_id, order_date, status) VALUES (18, 10, '2025-03-19 14:10:22', 'cancelled');
INSERT INTO orders (order_id, customer_id, order_date, status) VALUES (19, 8, '2025-03-19 17:36:53', 'cancelled');
INSERT INTO orders (order_id, customer_id, order_date, status) VALUES (20, 6, '2025-01-15 22:44:47', 'shipped');

-- INSERTS FOR order_items
INSERT INTO order_items (order_id, product_id, quantity) VALUES (18, 15, 4);
INSERT INTO order_items (order_id, product_id, quantity) VALUES (15, 2, 1);
INSERT INTO order_items (order_id, product_id, quantity) VALUES (5, 15, 2);
INSERT INTO order_items (order_id, product_id, quantity) VALUES (1, 9, 3);
INSERT INTO order_items (order_id, product_id, quantity) VALUES (9, 14, 4);
INSERT INTO order_items (order_id, product_id, quantity) VALUES (1, 4, 5);
INSERT INTO order_items (order_id, product_id, quantity) VALUES (3, 17, 3);
INSERT INTO order_items (order_id, product_id, quantity) VALUES (3, 3, 4);
INSERT INTO order_items (order_id, product_id, quantity) VALUES (1, 18, 4);
INSERT INTO order_items (order_id, product_id, quantity) VALUES (3, 18, 4);
INSERT INTO order_items (order_id, product_id, quantity) VALUES (1, 11, 3);
INSERT INTO order_items (order_id, product_id, quantity) VALUES (16, 2, 5);
INSERT INTO order_items (order_id, product_id, quantity) VALUES (11, 14, 3);
INSERT INTO order_items (order_id, product_id, quantity) VALUES (1, 6, 4);
INSERT INTO order_items (order_id, product_id, quantity) VALUES (3, 5, 3);
INSERT INTO order_items (order_id, product_id, quantity) VALUES (8, 3, 1);
INSERT INTO order_items (order_id, product_id, quantity) VALUES (17, 13, 5);
INSERT INTO order_items (order_id, product_id, quantity) VALUES (10, 5, 3);
INSERT INTO order_items (order_id, product_id, quantity) VALUES (13, 12, 2);
INSERT INTO order_items (order_id, product_id, quantity) VALUES (18, 11, 5);
